<?xml version="1.0" encoding="UTF-8"?>
<root>
  <item name="com.jaredrummler.android.colorpicker.ColorPaletteAdapter ColorPaletteAdapter(com.jaredrummler.android.colorpicker.ColorPaletteAdapter.OnColorSelectedListener, int[], int, int) 3">
    <annotation name="androidx.annotation.IntDef">
      <val name="value" val="{com.jaredrummler.android.colorpicker.ColorShape.SQUARE, com.jaredrummler.android.colorpicker.ColorShape.CIRCLE}" />
    </annotation>
  </item>
  <item name="com.jaredrummler.android.colorpicker.ColorPanelView int getShape()">
    <annotation name="androidx.annotation.IntDef">
      <val name="value" val="{com.jaredrummler.android.colorpicker.ColorShape.SQUARE, com.jaredrummler.android.colorpicker.ColorShape.CIRCLE}" />
    </annotation>
  </item>
  <item name="com.jaredrummler.android.colorpicker.ColorPanelView void setShape(int) 0">
    <annotation name="androidx.annotation.IntDef">
      <val name="value" val="{com.jaredrummler.android.colorpicker.ColorShape.SQUARE, com.jaredrummler.android.colorpicker.ColorShape.CIRCLE}" />
    </annotation>
  </item>
  <item name="com.jaredrummler.android.colorpicker.ColorPickerDialog.Builder colorShape">
    <annotation name="androidx.annotation.IntDef">
      <val name="value" val="{com.jaredrummler.android.colorpicker.ColorShape.SQUARE, com.jaredrummler.android.colorpicker.ColorShape.CIRCLE}" />
    </annotation>
  </item>
  <item name="com.jaredrummler.android.colorpicker.ColorPickerDialog.Builder com.jaredrummler.android.colorpicker.ColorPickerDialog.Builder setDialogType(int) 0">
    <annotation name="androidx.annotation.IntDef">
      <val name="value" val="{com.jaredrummler.android.colorpicker.ColorPickerDialog.TYPE_CUSTOM, com.jaredrummler.android.colorpicker.ColorPickerDialog.TYPE_PRESETS}" />
    </annotation>
  </item>
  <item name="com.jaredrummler.android.colorpicker.ColorPickerDialog.Builder dialogType">
    <annotation name="androidx.annotation.IntDef">
      <val name="value" val="{com.jaredrummler.android.colorpicker.ColorPickerDialog.TYPE_CUSTOM, com.jaredrummler.android.colorpicker.ColorPickerDialog.TYPE_PRESETS}" />
    </annotation>
  </item>
  <item name="com.jaredrummler.android.colorpicker.ColorPickerDialog.DialogType">
    <annotation name="androidx.annotation.IntDef">
      <val name="value" val="{com.jaredrummler.android.colorpicker.ColorPickerDialog.TYPE_CUSTOM, com.jaredrummler.android.colorpicker.ColorPickerDialog.TYPE_PRESETS}" />
    </annotation>
  </item>
  <item name="com.jaredrummler.android.colorpicker.ColorPreference dialogType">
    <annotation name="androidx.annotation.IntDef">
      <val name="value" val="{com.jaredrummler.android.colorpicker.ColorPickerDialog.TYPE_CUSTOM, com.jaredrummler.android.colorpicker.ColorPickerDialog.TYPE_PRESETS}" />
    </annotation>
  </item>
  <item name="com.jaredrummler.android.colorpicker.ColorPreferenceCompat dialogType">
    <annotation name="androidx.annotation.IntDef">
      <val name="value" val="{com.jaredrummler.android.colorpicker.ColorPickerDialog.TYPE_CUSTOM, com.jaredrummler.android.colorpicker.ColorPickerDialog.TYPE_PRESETS}" />
    </annotation>
  </item>
  <item name="com.jaredrummler.android.colorpicker.ColorShape">
    <annotation name="androidx.annotation.IntDef">
      <val name="value" val="{com.jaredrummler.android.colorpicker.ColorShape.SQUARE, com.jaredrummler.android.colorpicker.ColorShape.CIRCLE}" />
    </annotation>
  </item>
</root>

